<?xml version="1.0" encoding="utf-8"?>

<imosxp>
    <manufacture name="h3c-v3">
        <service type="net">
            <source>
                <filter attr="udp">xp_net_source.dll</filter>
                <filter attr="tcp">xp_tcp_source.dll</filter>
            </source>
	    <split>
                <filter>xp_dsp_realtime.dll</filter>
            </split>
            <decoder>
                <filter>xp_dsp_realtime.dll</filter>
            </decoder>
            <render>
                <filter>xp_dsp_realtime.dll</filter>
            </render>
        </service>
	<service type="input">
            <source>
                <filter>xp_ts_input_source.dll</filter>
            </source>
	    <split>
                <filter>xp_dsp_realtime.dll</filter>
            </split>
            <decoder>
                <filter>xp_dsp_realtime.dll</filter>
            </decoder>
            <render>
                <filter>xp_dsp_realtime.dll</filter>
            </render>
        </service>
        <service type="file">
            <source>
                <filter attr="ts">xp_ts_file_source.dll</filter>
            </source>
	    <split>
                <filter>xp_dsp_splitter.dll</filter>
            </split>
            <decoder>
                <filter>xp_dsp_decoder.dll</filter>
            </decoder>
            <render>
                <filter>xp_dsp_render.dll</filter>
            </render>
        </service>
        <service type="audio">
            <packet>
                <filter>xp_stream_process.dll</filter>
            </packet>
	    <parser>
                <filter>xp_stream_process.dll</filter>
            </parser>
        </service>
    </manufacture>
    <manufacture name="h3c-v1">
        <service type="net">
            <source>
                <filter attr="udp">xp_net_source.dll</filter>
                <filter attr="tcp">xp_tcp_source.dll</filter>
            </source>
	    <split>
                <filter>xp_dsp_realtime.dll</filter>
            </split>
            <decoder>
                <filter>xp_dsp_realtime.dll</filter>
            </decoder>
            <render>
                <filter>xp_dsp_realtime.dll</filter>
            </render>
        </service>
	<service type="input">
            <source>
                <filter>xp_ts_input_source.dll</filter>
            </source>
	    <split>
                <filter>xp_dsp_realtime.dll</filter>
            </split>
            <decoder>
                <filter>xp_dsp_realtime.dll</filter>
            </decoder>
            <render>
                <filter>xp_dsp_realtime.dll</filter>
            </render>
        </service>
        <service type="file">
            <source>
                <filter attr="h3crd">xp_default_file_source.dll</filter>
            </source>
	    <split>
                <filter>xp_dsp_splitter.dll</filter>
            </split>
            <decoder>
                <filter>xp_dsp_decoder.dll</filter>
            </decoder>
            <render>
                <filter>xp_dsp_render.dll</filter>
            </render>
        </service>
    </manufacture>
        <manufacture name="aproud-sivx">
        <service type="net">
            <source>
                <filter attr="udp">xp_net_source.dll</filter>
                <filter attr="tcp">xp_tcp_source.dll</filter>
            </source>
	    <split>
                <filter>xp_dsp_realtime.dll</filter>
            </split>
            <decoder>
                <filter>xp_dsp_realtime.dll</filter>
            </decoder>
            <render>
                <filter>xp_dsp_realtime.dll</filter>
            </render>
        </service>
	<service type="input">
            <source>
                <filter>xp_ts_input_source.dll</filter>
            </source>
	    <split>
                <filter>xp_dsp_realtime.dll</filter>
            </split>
            <decoder>
                <filter>xp_dsp_realtime.dll</filter>
            </decoder>
            <render>
                <filter>xp_dsp_realtime.dll</filter>
            </render>
        </service>
        <service type="file">
            <source>
                <filter attr="ts">xp_ts_file_source.dll</filter>
            </source>
	    <split>
                <filter>xp_dsp_splitter.dll</filter>
            </split>
            <decoder>
                <filter>xp_dsp_decoder.dll</filter>
            </decoder>
            <render>
                <filter>xp_dsp_render.dll</filter>
            </render>
        </service>
    </manufacture>
    <manufacture name="aproud-onu">
        <service type="net">
            <source>
                <filter attr="udp">xp_net_source.dll</filter>
                <filter attr="tcp">xp_tcp_source.dll</filter>
            </source>
	    <split>
                <filter>xp_dsp_realtime.dll</filter>
            </split>
            <decoder>
                <filter>xp_dsp_realtime.dll</filter>
            </decoder>
            <render>
                <filter>xp_dsp_realtime.dll</filter>
            </render>
        </service>
    </manufacture>
    <manufacture name="hikvision-self">
	<service type="input">
            <source>
                <filter>xp_ts_input_source.dll</filter>
            </source>
	    <split>
                <filter>xp_hik_stream.dll</filter>
            </split>
            <decoder>
                <filter>xp_hik_stream.dll</filter>
            </decoder>
            <render>
                <filter>xp_hik_stream.dll</filter>
            </render>
        </service>
    </manufacture>
    <manufacture name="hikvision-v3">
        <service type="net">
            <source>
                <filter attr="udp">xp_net_source.dll</filter>
                <filter attr="tcp">xp_tcp_source.dll</filter>
            </source>
	    <split>
                <filter>xp_hik_stream.dll</filter>
            </split>
            <decoder>
                <filter>xp_hik_stream.dll</filter>
            </decoder>
            <render>
                <filter>xp_hik_stream.dll</filter>
            </render>
        </service>
	<service type="input">
            <source>
                <filter>xp_ts_input_source.dll</filter>
            </source>
	    <split>
                <filter>xp_hik_stream.dll</filter>
            </split>
            <decoder>
                <filter>xp_hik_stream.dll</filter>
            </decoder>
            <render>
                <filter>xp_hik_stream.dll</filter>
            </render>
        </service>
        <service type="file">
            <source>
                <filter attr="hik">xp_hik_file.dll</filter>
            </source>
	    <split>
                <filter>xp_hik_file.dll</filter>
            </split>
            <decoder>
                <filter>xp_hik_file.dll</filter>
            </decoder>
            <render>
                <filter>xp_hik_file.dll</filter>
            </render>
        </service>
    </manufacture>
    <manufacture name="hikvision-v1">
        <service type="net">
            <source>
                <filter attr="udp">xp_net_source.dll</filter>
                <filter attr="tcp">xp_tcp_source.dll</filter>
            </source>
	    <split>
                <filter>xp_hik_stream.dll</filter>
            </split>
            <decoder>
                <filter>xp_hik_stream.dll</filter>
            </decoder>
            <render>
                <filter>xp_hik_stream.dll</filter>
            </render>
        </service>
	<service type="input">
            <source>
                <filter>xp_ts_input_source.dll</filter>
            </source>
	    <split>
                <filter>xp_hik_stream.dll</filter>
            </split>
            <decoder>
                <filter>xp_hik_stream.dll</filter>
            </decoder>
            <render>
                <filter>xp_hik_stream.dll</filter>
            </render>
        </service>
    </manufacture>
    <manufacture name="dahua-self">
        <service type="net">
            <source>
                <filter attr="udp">xp_net_source.dll</filter>
                <filter attr="tcp">xp_tcp_source.dll</filter>
            </source>
	    <split>
                <filter>xp_dahua_stream.dll</filter>
            </split>
            <decoder>
                <filter>xp_dahua_stream.dll</filter>
            </decoder>
            <render>
                <filter>xp_dahua_stream.dll</filter>
            </render>
        </service>
	<service type="input">
            <source>
                <filter>xp_ts_input_source.dll</filter>
            </source>
	    <split>
                <filter>xp_dahua_stream.dll</filter>
            </split>
            <decoder>
                <filter>xp_dahua_stream.dll</filter>
            </decoder>
            <render>
                <filter>xp_dahua_stream.dll</filter>
            </render>
        </service>
    </manufacture>
    <manufacture name="dahua-v3">
        <service type="net">
            <source>
                <filter attr="udp">xp_net_source.dll</filter>
                <filter attr="tcp">xp_tcp_source.dll</filter>
            </source>
	    <split>
                <filter>xp_dahua_stream.dll</filter>
            </split>
            <decoder>
                <filter>xp_dahua_stream.dll</filter>
            </decoder>
            <render>
                <filter>xp_dahua_stream.dll</filter>
            </render>
        </service>
	<service type="input">
            <source>
                <filter>xp_ts_input_source.dll</filter>
            </source>
	    <split>
                <filter>xp_dahua_stream.dll</filter>
            </split>
            <decoder>
                <filter>xp_dahua_stream.dll</filter>
            </decoder>
            <render>
                <filter>xp_dahua_stream.dll</filter>
            </render>
        </service>
        <service type="file">
            <source>
                <filter attr="dh">xp_dahua_file.dll</filter>
            </source>
	    <split>
                <filter>xp_dahua_file.dll</filter>
            </split>
            <decoder>
                <filter>xp_dahua_file.dll</filter>
            </decoder>
            <render>
                <filter>xp_dahua_file.dll</filter>
            </render>
        </service>
    </manufacture>
    <manufacture name="dahua-v1">
        <service type="net">
            <source>
                <filter attr="udp">xp_net_source.dll</filter>
                <filter attr="tcp">xp_tcp_source.dll</filter>
            </source>
	    <split>
                <filter>xp_dahua_stream.dll</filter>
            </split>
            <decoder>
                <filter>xp_dahua_stream.dll</filter>
            </decoder>
            <render>
                <filter>xp_dahua_stream.dll</filter>
            </render>
        </service>
	<service type="input">
            <source>
                <filter>xp_ts_input_source.dll</filter>
            </source>
	    <split>
                <filter>xp_dahua_stream.dll</filter>
            </split>
            <decoder>
                <filter>xp_dahua_stream.dll</filter>
            </decoder>
            <render>
                <filter>xp_dahua_stream.dll</filter>
            </render>
        </service>
    </manufacture>
    <manufacture name="alec">
        <service type="net">
            <source>
                <filter attr="udp">xp_net_source.dll</filter>
                <filter attr="tcp">xp_tcp_source.dll</filter>
            </source>
	    <split>
                <filter>xp_alec_stream.dll</filter>
            </split>
            <decoder>
                <filter>xp_alec_stream.dll</filter>
            </decoder>
            <render>
                <filter>xp_alec_stream.dll</filter>
            </render>
        </service>
	<service type="input">
            <source>
                <filter>xp_ts_input_source.dll</filter>
            </source>
	    <split>
                <filter>xp_alec_stream.dll</filter>
            </split>
            <decoder>
                <filter>xp_alec_stream.dll</filter>
            </decoder>
            <render>
                <filter>xp_alec_stream.dll</filter>
            </render>
        </service>
    </manufacture>
    <manufacture name="mobotix">
        <service type="net">
            <source>
                <filter attr="udp">xp_mobotix_realtime.dll</filter>
            </source>
	    <split>
                <filter>xp_mobotix_realtime.dll</filter>
            </split>
            <decoder>
                <filter>xp_mobotix_realtime.dll</filter>
            </decoder>
            <render>
                <filter>xp_mobotix_realtime.dll</filter>
            </render>
        </service>
    </manufacture>
    <manufacture name="yaan-v3">
        <service type="net">
            <source>
                <filter attr="udp">xp_net_source.dll</filter>
                <filter attr="tcp">xp_tcp_source.dll</filter>
            </source>
	    <split>
                <filter>xp_dsp_realtime.dll</filter>
            </split>
            <decoder>
                <filter>xp_dsp_realtime.dll</filter>
            </decoder>
            <render>
                <filter>xp_dsp_realtime.dll</filter>
            </render>
        </service>
	<service type="input">
            <source>
                <filter>xp_ts_input_source.dll</filter>
            </source>
	    <split>
                <filter>xp_dsp_realtime.dll</filter>
            </split>
            <decoder>
                <filter>xp_dsp_realtime.dll</filter>
            </decoder>
            <render>
                <filter>xp_dsp_realtime.dll</filter>
            </render>
        </service>
        <service type="file">
            <source>
                <filter attr="ts">xp_ts_file_source.dll</filter>
            </source>
	    <split>
                <filter>xp_dsp_splitter.dll</filter>
            </split>
            <decoder>
                <filter>xp_dsp_decoder.dll</filter>
            </decoder>
            <render>
                <filter>xp_dsp_render.dll</filter>
            </render>
        </service>
    </manufacture>
    <manufacture name="nanzi">
        <service type="net">
            <source>
                <filter attr="udp">xp_net_source.dll</filter>
                <filter attr="tcp">xp_tcp_source.dll</filter>
            </source>
	    <split>
                <filter>xp_nz_filter.dll</filter>
            </split>
            <decoder>
                <filter>xp_nz_filter.dll</filter>
            </decoder>
            <render>
                <filter>xp_nz_filter.dll</filter>
            </render>
        </service>
	<service type="input">
            <source>
                <filter>xp_ts_input_source.dll</filter>
            </source>
	    <split>
                <filter>xp_nz_filter.dll</filter>
            </split>
            <decoder>
                <filter>xp_nz_filter.dll</filter>
            </decoder>
            <render>
                <filter>xp_nz_filter.dll</filter>
            </render>
        </service>
        <service type="file">
            <source>
                <filter attr="nz">xp_nz_filter.dll</filter>
            </source>
	    <split>
                <filter>xp_nz_filter.dll</filter>
            </split>
            <decoder>
                <filter>xp_nz_filter.dll</filter>
            </decoder>
            <render>
                <filter>xp_nz_filter.dll</filter>
            </render>
        </service>
    </manufacture>
   <manufacture name="sony">
        <service type="net">
            <source>
                <filter attr="udp">xp_net_source.dll</filter>
                <filter attr="tcp">xp_tcp_source.dll</filter>
            </source>
	    			<split>
                <filter>xp_dsp_realtime.dll</filter>
            </split>
            <decoder>
                <filter>xp_dsp_realtime.dll</filter>
            </decoder>
            <render>
                <filter>xp_dsp_realtime.dll</filter>
            </render>
        </service>
			<service type="input">
            <source>
                <filter>xp_ts_input_source.dll</filter>
            </source>
	    			<split>
                <filter>xp_dsp_realtime.dll</filter>
            </split>
            <decoder>
                <filter>xp_dsp_realtime.dll</filter>
            </decoder>
            <render>
                <filter>xp_dsp_realtime.dll</filter>
            </render>
        </service>
    </manufacture>
    <manufacture name="samsung">
        <service type="net">
            <source>
                <filter attr="udp">xp_net_source.dll</filter>
                <filter attr="tcp">xp_tcp_source.dll</filter>
            </source>
	    			<split>
                <filter>xp_dsp_realtime.dll</filter>
            </split>
            <decoder>
                <filter>xp_dsp_realtime.dll</filter>
            </decoder>
            <render>
                <filter>xp_dsp_realtime.dll</filter>
            </render>
        </service>
			<service type="input">
            <source>
                <filter>xp_ts_input_source.dll</filter>
            </source>
	    			<split>
                <filter>xp_dsp_realtime.dll</filter>
            </split>
            <decoder>
                <filter>xp_dsp_realtime.dll</filter>
            </decoder>
            <render>
                <filter>xp_dsp_realtime.dll</filter>
            </render>
        </service>
    </manufacture>
    <manufacture name="ruiming-self">
			<service type="input">
            <source>
                <filter>xp_ts_input_source.dll</filter>
            </source>
	    			<split>
                <filter>xp_rm_stream.dll</filter>
            </split>
            <decoder>
                <filter>xp_rm_stream.dll</filter>
            </decoder>
            <render>
                <filter>xp_rm_stream.dll</filter>
            </render>
        </service>
    </manufacture>
    <manufacture name="ruiming">
        <service type="net">
            <source>
                <filter attr="udp">xp_net_source.dll</filter>
                <filter attr="tcp">xp_tcp_source.dll</filter>
            </source>
	    			<split>
                <filter>xp_rm_stream.dll</filter>
            </split>
            <decoder>
                <filter>xp_rm_stream.dll</filter>
            </decoder>
            <render>
                <filter>xp_rm_stream.dll</filter>
            </render>
        </service>
			<service type="input">
            <source>
                <filter>xp_ts_input_source.dll</filter>
            </source>
	    			<split>
                <filter>xp_rm_stream.dll</filter>
            </split>
            <decoder>
                <filter>xp_rm_stream.dll</filter>
            </decoder>
            <render>
                <filter>xp_rm_stream.dll</filter>
            </render>
        </service>
    </manufacture>
</imosxp>

   